,name,id,category,photoURL,ingredients
0,A1,17222,Cocktail,https://www.thecocktaildb.com/images/media/drink/2x8thr1504816928.jpg,"['Gin', 'Grand Marnier', 'Lemon Juice', 'Grenadine']"
1,ABC,13501,Shot,https://www.thecocktaildb.com/images/media/drink/tqpvqp1472668328.jpg,"['Amaretto', 'Baileys irish cream', 'Cognac']"
2,Ace,17225,Cocktail,https://www.thecocktaildb.com/images/media/drink/l3cd7f1504818306.jpg,"['Gin', 'Grenadine', 'Heavy cream', 'Milk', 'Egg White']"
3,Adam,17837,Ordinary Drink,https://www.thecocktaildb.com/images/media/drink/v0at4i1582478473.jpg,"['Dark rum', 'Lemon juice', 'Grenadine']"
4,AT&T,13938,Ordinary Drink,https://www.thecocktaildb.com/images/media/drink/rhhwmp1493067619.jpg,"['Absolut Vodka', 'Gin', 'Tonic water']"
5,ACID,14610,Shot,https://www.thecocktaildb.com/images/media/drink/xuxpxt1479209317.jpg,"['151 proof rum', 'Wild Turkey']"
6,A. J.,17833,Ordinary Drink,https://www.thecocktaildb.com/images/media/drink/l74qo91582480316.jpg,"['Applejack', 'Grapefruit juice']"
7,Affair,17839,Ordinary Drink,https://www.thecocktaildb.com/images/media/drink/h5za6y1582477994.jpg,"['Strawberry schnapps', 'Orange juice', 'Cranberry juice', 'Club soda']"
8,Apello,15106,Other/Unknown,https://www.thecocktaildb.com/images/media/drink/uptxtv1468876415.jpg,"['Orange juice', 'Grapefruit juice', 'Apple juice', 'Maraschino cherry']"
9,Avalon,15266,Ordinary Drink,https://www.thecocktaildb.com/images/media/drink/3k9qic1493068931.jpg,"['Vodka', 'Pisang Ambon', 'Apple juice', 'Lemon juice', 'Lemonade']"
10,Abilene,17835,Ordinary Drink,https://www.thecocktaildb.com/images/media/drink/smb2oe1582479072.jpg,"['Dark rum', 'Peach nectar', 'Orange juice']"
11,Almeria,11023,Ordinary Drink,https://www.thecocktaildb.com/images/media/drink/rwsyyu1483388181.jpg,"['Dark rum', 'Kahlua', 'Egg white']"
12,Addison,17228,Cocktail,https://www.thecocktaildb.com/images/media/drink/yzva7x1504820300.jpg,"['Gin', 'Vermouth']"
13,Acapulco,17836,Ordinary Drink,https://www.thecocktaildb.com/images/media/drink/il9e0r1582478841.jpg,"['Light rum', 'Triple sec', 'Lime juice', 'Sugar', 'Egg white', 'Mint']"
14,Affinity,17840,Ordinary Drink,https://www.thecocktaildb.com/images/media/drink/wzdtnn1582477684.jpg,"['Scotch', 'Sweet Vermouth', 'Dry Vermouth', 'Orange bitters']"
15,Applecar,11046,Ordinary Drink,https://www.thecocktaildb.com/images/media/drink/sbffau1504389764.jpg,"['Applejack', 'Triple sec', 'Lemon juice']"
16,Aviation,17180,Cocktail,https://www.thecocktaildb.com/images/media/drink/trbplb1606855233.jpg,"['Gin', 'lemon juice', 'maraschino liqueur']"
17,Alexander,11014,Ordinary Drink,https://www.thecocktaildb.com/images/media/drink/0clus51606772388.jpg,"['Gin', 'Creme de Cacao', 'Light cream', 'Nutmeg']"
18,Algonquin,11020,Ordinary Drink,https://www.thecocktaildb.com/images/media/drink/uwryxx1483387873.jpg,"['Blended whiskey', 'Dry Vermouth', 'Pineapple juice']"
19,Allegheny,11021,Ordinary Drink,https://www.thecocktaildb.com/images/media/drink/uwvyts1483387934.jpg,"['Dry Vermouth', 'Bourbon', 'Blackberry brandy', 'Lemon juice', 'Lemon peel']"
20,Artillery,11055,Ordinary Drink,https://www.thecocktaildb.com/images/media/drink/g1vnbe1493067747.jpg,"['Sweet Vermouth', 'Gin', 'Bitters']"
21,Afterglow,12560,Cocktail,https://www.thecocktaildb.com/images/media/drink/vuquyv1468876052.jpg,"['Grenadine', 'Orange juice', 'Pineapple juice']"
22,Autodafé,12756,Ordinary Drink,https://www.thecocktaildb.com/images/media/drink/7dkf0i1487602928.jpg,"['Vodka', 'Lime juice', 'Soda water']"
23,Afternoon,13162,Coffee / Tea,https://www.thecocktaildb.com/images/media/drink/vyrurp1472667777.jpg,"['Kahlua', 'Baileys irish cream', 'Frangelico', 'Coffee', 'Cream']"
24,After sex,15182,Ordinary Drink,https://www.thecocktaildb.com/images/media/drink/xrl66i1493068702.jpg,"['Vodka', 'Creme de Banane', 'Orange juice']"
25,B-53,13332,Shot,https://www.thecocktaildb.com/images/media/drink/rwqxrv1461866023.jpg,"['Kahlua', 'Sambuca', 'Grand Marnier']"
26,B-52,15853,Shot,https://www.thecocktaildb.com/images/media/drink/5a3vg61504372070.jpg,"['Baileys irish cream', 'Grand Marnier', 'Kahlua']"
27,Bijou,17254,Cocktail,https://www.thecocktaildb.com/images/media/drink/rysb3r1513706985.jpg,"['Orange Bitters', 'Green Chartreuse', 'Gin', 'Sweet Vermouth']"
28,Boxcar,11149,Ordinary Drink,https://www.thecocktaildb.com/images/media/drink/pwgtpa1504366376.jpg,"['Gin', 'Triple sec', 'Lemon juice', 'Grenadine', 'Egg white']"
29,Big Red,13222,Shot,https://www.thecocktaildb.com/images/media/drink/yqwuwu1441248116.jpg,"['Irish cream', 'Goldschlager']"
30,Bellini,17195,Ordinary Drink,https://www.thecocktaildb.com/images/media/drink/eaag491504367543.jpg,"['Champagne', 'Peach schnapps']"
31,Bramble,17210,Ordinary Drink,https://www.thecocktaildb.com/images/media/drink/lvzl3r1504372526.jpg,"['Gin', 'lemon juice', 'Sugar syrup', 'Creme de Mure']"
32,Balmoral,11060,Ordinary Drink,https://www.thecocktaildb.com/images/media/drink/vysuyq1441206297.jpg,"['Scotch', 'Sweet Vermouth', 'Dry Vermouth', 'Bitters']"
33,Bluebird,11120,Ordinary Drink,https://www.thecocktaildb.com/images/media/drink/5jhyd01582579843.jpg,"['Gin', 'Triple sec', 'Blue Curacao', 'Bitters', 'Maraschino cherry', 'Lemon peel']"
34,Brooklyn,178310,Cocktail,https://www.thecocktaildb.com/images/media/drink/ojsezf1582477277.jpg,"['Rye Whiskey', 'Dry Vermouth', 'Maraschino Liqueur', 'Angostura Bitters', 'Maraschino Cherry']"
35,Boomerang,11124,Ordinary Drink,https://www.thecocktaildb.com/images/media/drink/3m6yz81504389551.jpg,"['Gin', 'Dry Vermouth', 'Bitters', 'Maraschino liqueur', 'Maraschino cherry']"
36,Bora Bora,12572,Cocktail,https://www.thecocktaildb.com/images/media/drink/xwuqvw1473201811.jpg,"['Pineapple juice', 'Passion fruit juice', 'Lemon juice', 'Grenadine']"
37,Barracuda,17209,Ordinary Drink,https://www.thecocktaildb.com/images/media/drink/jwmr1x1504372337.jpg,"['Rum', 'Galliano', 'Pineapple Juice', 'Lime Juice', 'Prosecco']"
38,Buccaneer,17035,Beer,https://www.thecocktaildb.com/images/media/drink/upvtyt1441249023.jpg,"['Corona', 'Bacardi Limon']"
39,Brigadier,17825,Cocktail,https://www.thecocktaildb.com/images/media/drink/nl89tf1518947401.jpg,"['Hot Chocolate', 'Green Chartreuse', 'Cherry Heering']"
40,Broadside,178311,Cocktail,https://www.thecocktaildb.com/images/media/drink/l2o6xu1582476870.jpg,"['151 proof rum', 'Scotch', 'Bitters', 'Wormwood', 'Ice']"
41,Blackthorn,11106,Ordinary Drink,https://www.thecocktaildb.com/images/media/drink/dgj92f1616098672.jpg,"['Sweet Vermouth', 'Sloe gin', 'Lemon peel']"
42,Bob Marley,13395,Shot,https://www.thecocktaildb.com/images/media/drink/rrqrst1477140664.jpg,"['Midori melon liqueur', 'Jägermeister', 'Goldschlager']"
43,Bumble Bee,14538,Shot,https://www.thecocktaildb.com/images/media/drink/uwqpvv1461866378.jpg,"['Baileys irish cream', 'Kahlua', 'Sambuca']"
44,Bubble Gum,14730,Shot,https://www.thecocktaildb.com/images/media/drink/spuurv1468878783.jpg,"['Vodka', 'Banana liqueur', 'Orange juice', 'Peach schnapps']"
45,Bible Belt,16986,Other/Unknown,https://www.thecocktaildb.com/images/media/drink/6bec6v1503563675.jpg,"['Southern Comfort', 'Triple sec', 'Lime', 'Sour mix']"
46,Brain Fart,17120,Punch / Party Drink,https://www.thecocktaildb.com/images/media/drink/rz5aun1504389701.jpg,"['Everclear', 'Vodka', 'Mountain Dew', 'Surge', 'Lemon juice', 'Rum']"
47,Bloody Mary,11113,Ordinary Drink,https://www.thecocktaildb.com/images/media/drink/t6caa21582485702.jpg,"['Vodka', 'Tomato juice', 'Lemon juice', 'Worcestershire sauce', 'Tabasco sauce', 'Lime']"
48,Blue Lagoon,11117,Ordinary Drink,https://www.thecocktaildb.com/images/media/drink/5wm4zo1582579154.jpg,"['Vodka', 'Blue Curacao', 'Lemonade', 'Cherry']"
49,Boston Sour,11129,Ordinary Drink,https://www.thecocktaildb.com/images/media/drink/kxlgbi1504366100.jpg,"['Blended whiskey', 'Lemon', 'Powdered sugar', 'Egg white', 'Lemon', 'Cherry']"
50,Casino,17185,Ordinary Drink,https://www.thecocktaildb.com/images/media/drink/1mvjxg1504348579.jpg,"['Gin', 'Maraschino liqueur', 'Lemon juice', 'Orange bitters', 'Cherry']"
51,Caipirinha,11202,Ordinary Drink,https://www.thecocktaildb.com/images/media/drink/jgvn7p1582484435.jpg,"['Sugar', 'Lime', 'Cachaca']"
52,Cherry Rum,11239,Ordinary Drink,https://www.thecocktaildb.com/images/media/drink/twsuvr1441554424.jpg,"['Light rum', 'Cherry brandy', 'Light cream']"
53,Cuba Libre,11288,Ordinary Drink,https://www.thecocktaildb.com/images/media/drink/wmkbfj1606853905.jpg,"['Light rum', 'Lime', 'Coca-Cola']"
54,Cuba Libra,13751,Ordinary Drink,https://www.thecocktaildb.com/images/media/drink/ck6d0p1504388696.jpg,"['Dark rum', 'Lime', 'Coca-Cola', 'Ice']"
55,Cafe Savoy,14181,Coffee / Tea,https://www.thecocktaildb.com/images/media/drink/vqwptt1441247711.jpg,"['Coffee', 'Milk', 'Triple sec', 'Brandy']"
56,Cream Soda,14608,Cocktail,https://www.thecocktaildb.com/images/media/drink/yqstxr1479209367.jpg,"['Spiced rum', 'Ginger ale']"
57,Corn n Oil,17830,Cocktail,https://www.thecocktaildb.com/images/media/drink/pk6dwi1592767243.jpg,"['Lime', 'Falernum', 'Angostura Bitters', 'Añejo rum', 'blackstrap rum']"
58,Casa Blanca,11222,Ordinary Drink,https://www.thecocktaildb.com/images/media/drink/usspxq1441553762.jpg,"['Light rum', 'Triple sec', 'Lime juice', 'Maraschino liqueur']"
59,Clover Club,17186,Ordinary Drink,https://www.thecocktaildb.com/images/media/drink/t0aja61504348715.jpg,"['Gin', 'Grenadine', 'Lemon', 'Egg white']"
60,Citrus Coke,17135,Soft Drink / Soda,https://www.thecocktaildb.com/images/media/drink/uyrvut1479473214.jpg,"['Bacardi Limon', 'Coca-Cola']"
61,Chicago Fizz,11242,Ordinary Drink,https://www.thecocktaildb.com/images/media/drink/qwvwqr1441207763.jpg,"['Light rum', 'Port', 'Lemon', 'Powdered sugar', 'Egg white', 'Carbonated water']"
62,City Slicker,11251,Ordinary Drink,https://www.thecocktaildb.com/images/media/drink/dazdlg1504366949.jpg,"['Brandy', 'Triple sec', 'Lemon juice']"
63,Coffee-Vodka,12800,Homemade Liqueur,https://www.thecocktaildb.com/images/media/drink/qvrrvu1472667494.jpg,"['Water', 'Sugar', 'Coffee', 'Vanilla', 'Vodka', 'Caramel coloring']"
64,Caipirissima,13206,Ordinary Drink,https://www.thecocktaildb.com/images/media/drink/yd47111503565515.jpg,"['Lime', 'Sugar', 'White rum', 'Ice']"
65,Campari Beer,16047,Beer,https://www.thecocktaildb.com/images/media/drink/xsqrup1441249130.jpg,"['Lager', 'Campari']"
66,Cosmopolitan,17196,Cocktail,https://www.thecocktaildb.com/images/media/drink/kpsajh1504368362.jpg,"['Absolut Citron', 'Lime juice', 'Cointreau', 'Cranberry juice']"
67,Casino Royale,11224,Ordinary Drink,https://www.thecocktaildb.com/images/media/drink/3qpv121504366699.jpg,"['Gin', 'Lemon juice', 'Maraschino liqueur', 'Orange bitters', 'Egg yolk']"
68,Clove Cocktail,11255,Ordinary Drink,https://www.thecocktaildb.com/images/media/drink/qxvtst1461867579.jpg,"['Sweet Vermouth', 'Sloe gin', 'Wine']"
69,Coffee Liqueur,12798,Homemade Liqueur,https://www.thecocktaildb.com/images/media/drink/ryvtsu1441253851.jpg,"['Coffee', 'Vanilla extract', 'Sugar', 'Vodka', 'Water']"
70,Chocolate Milk,13328,Shot,https://www.thecocktaildb.com/images/media/drink/j6q35t1504889399.jpg,"['Chocolate liqueur', 'Milk', 'Amaretto']"
71,Coke and Drops,17108,Soft Drink / Soda,https://www.thecocktaildb.com/images/media/drink/yrtxxp1472719367.jpg,"['Coca-Cola', 'Lemon juice']"
72,Corpse Reviver,17250,Cocktail,https://www.thecocktaildb.com/images/media/drink/gifgao1513704334.jpg,"['Gin', 'Triple Sec', 'Lillet Blanc', 'Lemon Juice', 'Absinthe']"
73,Chocolate Drink,12734,Cocoa,https://www.thecocktaildb.com/images/media/drink/q7w4xu1487603180.jpg,"['Chocolate', 'Milk', 'Water']"
74,Creme de Menthe,12808,Homemade Liqueur,https://www.thecocktaildb.com/images/media/drink/yxswtp1441253918.jpg,"['Sugar', 'Water', 'Grain alcohol', 'Peppermint extract', 'Food coloring']"
75,Derby,17187,Ordinary Drink,https://www.thecocktaildb.com/images/media/drink/52weey1606772672.jpg,"['gin', 'Peach Bitters', 'Mint']"
76,Diesel,13128,Beer,https://www.thecocktaildb.com/images/media/drink/sxrrqq1454512852.jpg,"['Lager', 'Cider', 'Blackcurrant cordial']"
77,Daiquiri,11006,Ordinary Drink,https://www.thecocktaildb.com/images/media/drink/mrz9091589574515.jpg,"['Light rum', 'Lime', 'Powdered sugar']"
78,Danbooka,15409,Coffee / Tea,https://www.thecocktaildb.com/images/media/drink/vurrxr1441246074.jpg,"['Coffee', 'Everclear']"
79,Dragonfly,11320,Ordinary Drink,https://www.thecocktaildb.com/images/media/drink/uc63bh1582483589.jpg,"['Gin', 'Ginger ale', 'Lime']"
80,Downshift,16991,Punch / Party Drink,https://www.thecocktaildb.com/images/media/drink/y36z8c1503563911.jpg,"['Fruit punch', 'Sprite', 'Tequila', '151 proof rum']"
81,Dry Rob Roy,11324,Ordinary Drink,https://www.thecocktaildb.com/images/media/drink/typuyq1439456976.jpg,"['Scotch', 'Dry Vermouth', 'Lemon peel']"
82,Dry Martini,11005,Cocktail,https://www.thecocktaildb.com/images/media/drink/6ck9yi1589574317.jpg,"['Gin', 'Dry Vermouth', 'Olive']"
83,Dirty Nipple,14466,Shot,https://www.thecocktaildb.com/images/media/drink/vtyqrt1461866508.jpg,"['Kahlua', 'Sambuca', 'Baileys irish cream']"
84,Dirty Martini,17181,Cocktail,https://www.thecocktaildb.com/images/media/drink/vcyvpq1485083300.jpg,"['Vodka', 'Dry Vermouth', 'Olive Brine', 'Lemon', 'Olive']"
85,Darkwood Sling,14482,Soft Drink / Soda,https://www.thecocktaildb.com/images/media/drink/sxxsyq1472719303.jpg,"['Cherry Heering', 'Soda water', 'Orange juice', 'Ice']"
86,Dark Caipirinha,17177,Cocktail,https://www.thecocktaildb.com/images/media/drink/uwstrx1472406058.jpg,"['demerara Sugar', 'Lime', 'Cachaca']"
87,Duchamp's Punch,17182,Cocktail,https://www.thecocktaildb.com/images/media/drink/g51naw1485084685.jpg,"['Pisco', 'Lime Juice', 'Pineapple Syrup', 'St. Germain', 'Angostura Bitters', 'Pepper', 'Lavender']"
88,Dark and Stormy,17211,Ordinary Drink,https://www.thecocktaildb.com/images/media/drink/t1tn0s1504374905.jpg,"['Dark Rum', 'Ginger Beer']"
89,Damned if you do,13194,Shot,https://www.thecocktaildb.com/images/media/drink/ql7bmx1503565106.jpg,"['Whiskey', 'Hot Damn']"
90,Dubonnet Cocktail,11326,Ordinary Drink,https://www.thecocktaildb.com/images/media/drink/pfz3hz1582483111.jpg,"['Dubonnet Rouge', 'Gin', 'Bitters', 'Lemon peel']"
91,Drinking Chocolate,12736,Cocoa,https://www.thecocktaildb.com/images/media/drink/u6jrdf1487603173.jpg,"['Heavy cream', 'Milk', 'Cinnamon', 'Vanilla', 'Chocolate', 'Whipped cream']"
92,Death in the Afternoon,178334,Cocktail,https://www.thecocktaildb.com/images/media/drink/y7s3rh1598719574.jpg,"['Absinthe', 'Champagne']"
93,Egg Cream,12668,Other/Unknown,https://www.thecocktaildb.com/images/media/drink/mvis731484430445.jpg,"['Chocolate syrup', 'Milk', 'Soda water']"
94,Egg Nog #4,12910,Punch / Party Drink,https://www.thecocktaildb.com/images/media/drink/wpspsy1468875747.jpg,"['Egg yolk', 'Sugar', 'Milk', 'Light rum', 'Bourbon', 'Vanilla extract', 'Salt', 'Whipping cream', 'Egg white', 'Sugar', 'Nutmeg']"
95,English Highball,11338,Ordinary Drink,https://www.thecocktaildb.com/images/media/drink/dhvr7d1504519752.jpg,"['Brandy', 'Gin', 'Sweet Vermouth', 'Carbonated water', 'Lemon peel']"
96,Espresso Martini,17212,Cocktail,https://www.thecocktaildb.com/images/media/drink/n0sx531504372951.jpg,"['Vodka', 'Kahlua', 'Sugar syrup']"
97,Espresso Rumtini,178309,Cocktail,https://www.thecocktaildb.com/images/media/drink/acvf171561574403.jpg,"['Rum', 'Vanilla syrup', 'Espresso', 'Coffee']"
98,Egg Nog - Healthy,12916,Punch / Party Drink,https://www.thecocktaildb.com/images/media/drink/qxuppv1468875308.jpg,"['Egg', 'Sugar', 'Condensed milk', 'Milk', 'Vanilla extract', 'Rum', 'Nutmeg']"
99,English Rose Cocktail,11339,Ordinary Drink,https://www.thecocktaildb.com/images/media/drink/yxwrpp1441208697.jpg,"['Apricot brandy', 'Gin', 'Dry Vermouth', 'Grenadine', 'Lemon juice', 'Cherry']"
100,Elderflower Caipirinha,178346,Cocktail,https://www.thecocktaildb.com/images/media/drink/dif7a31614006331.jpg,"['Cachaca', 'Lime', 'Elderflower cordial']"
101,Egg-Nog - Classic Cooked,12914,Punch / Party Drink,https://www.thecocktaildb.com/images/media/drink/quxsvt1468875505.jpg,"['Egg', 'Sugar', 'Salt', 'Milk', 'Vanilla extract']"
102,Empellón Cocina's Fat-Washed Mezcal,17246,Cocktail,https://www.thecocktaildb.com/images/media/drink/osgvxt1513595509.jpg,"['Mezcal', 'Chocolate liqueur', 'Coffee liqueur']"
103,Frosé,178352,Cocktail,https://www.thecocktaildb.com/images/media/drink/b4cadp1619695347.jpg,"['Rose', 'Sugar', 'Strawberries', 'Lemon Juice']"
104,Frappé,12768,Coffee / Tea,https://www.thecocktaildb.com/images/media/drink/vqwryq1441245927.jpg,"['Coffee', 'Milk', 'Sugar']"
105,Foxy Lady,11375,Ordinary Drink,https://www.thecocktaildb.com/images/media/drink/r9cz3q1504519844.jpg,"['Amaretto', 'Creme de Cacao', 'Light cream']"
106,French 75,17197,Ordinary Drink,https://www.thecocktaildb.com/images/media/drink/hrxfbl1606773109.jpg,"['Gin', 'Sugar', 'Lemon juice', 'Champagne', 'Orange', 'Maraschino cherry']"
107,Frisco Sour,11382,Ordinary Drink,https://www.thecocktaildb.com/images/media/drink/acuvjz1582482022.jpg,"['Blended whiskey', 'Benedictine', 'Lemon', 'Lime', 'Lemon', 'Lime']"
108,Fruit Shake,12674,Other/Unknown,https://www.thecocktaildb.com/images/media/drink/q0fg2m1484430704.jpg,"['Yoghurt', 'Banana', 'Orange juice', 'Fruit', 'Ice']"
109,Figgy Thyme,178344,Cocktail,https://www.thecocktaildb.com/images/media/drink/pbw4e51606766578.jpg,"['Vodka', 'Honey', 'Figs', 'Thyme', 'Angostura Bitters', 'Tonic Water']"
110,Fruit Cooler,12670,Other/Unknown,https://www.thecocktaildb.com/images/media/drink/i3tfn31484430499.jpg,"['Apple juice', 'Strawberries', 'Sugar', 'Lemon', 'Apple', 'Soda water', 'Ice']"
111,Freddy Kruger,14688,Shot,https://www.thecocktaildb.com/images/media/drink/tuppuq1461866798.jpg,"['Jägermeister', 'Sambuca', 'Vodka']"
112,Fuzzy Asshole,15743,Coffee / Tea,https://www.thecocktaildb.com/images/media/drink/wrvpuu1472667898.jpg,"['Coffee', 'Peach schnapps']"
113,Funk and Soul,178328,Cocktail,https://www.thecocktaildb.com/images/media/drink/qtv83q1596015790.jpg,"['Rum', 'Apricot Nectar', 'Pomegranate juice', 'lemon', 'Soda Water']"
114,French Martini,17213,Cocktail,https://www.thecocktaildb.com/images/media/drink/clth721504373134.jpg,"['Vodka', 'Raspberry Liqueur', 'pineapple juice']"
115,French Negroni,17248,Cocktail,https://www.thecocktaildb.com/images/media/drink/x8lhp41513703167.jpg,"['Gin', 'Lillet', 'Sweet Vermouth', 'Orange Peel']"
116,Flying Dutchman,11368,Ordinary Drink,https://www.thecocktaildb.com/images/media/drink/mwko4q1582482903.jpg,"['Gin', 'Triple sec']"
117,Frozen Daiquiri,11387,Ordinary Drink,https://www.thecocktaildb.com/images/media/drink/7oyrj91504884412.jpg,"['Light rum', 'Triple sec', 'Lime juice', 'Sugar', 'Cherry', 'Ice']"
118,Fruit Flip-Flop,12672,Other/Unknown,https://www.thecocktaildb.com/images/media/drink/nfdx6p1484430633.jpg,"['Yoghurt', 'Fruit juice']"
119,Fahrenheit 5000,13070,Shot,https://www.thecocktaildb.com/images/media/drink/tysssx1473344692.jpg,"['Firewater', 'Absolut Peppar', 'Tabasco sauce']"
120,Flying Scotchman,11369,Ordinary Drink,https://www.thecocktaildb.com/images/media/drink/q53l911582482518.jpg,"['Scotch', 'Sweet Vermouth', 'Bitters', 'Sugar syrup']"
121,French Connection,17198,Ordinary Drink,https://www.thecocktaildb.com/images/media/drink/zaqa381504368758.jpg,"['Cognac', 'Amaretto']"
122,Flaming Dr. Pepper,13202,Shot,https://www.thecocktaildb.com/images/media/drink/d30z931503565384.jpg,"['Amaretto', 'Vodka', '151 proof rum', 'Dr. Pepper', 'Beer']"
123,Flander's Flake-Out,13675,Ordinary Drink,https://www.thecocktaildb.com/images/media/drink/sqvqrx1461866705.jpg,"['Sambuca', 'Sarsaparilla']"
124,Flaming Lamborghini,16485,Cocktail,https://www.thecocktaildb.com/images/media/drink/yywpss1461866587.jpg,"['Kahlua', 'Sambuca', 'Blue Curacao', 'Baileys irish cream']"
125,Frozen Mint Daiquiri,11390,Ordinary Drink,https://www.thecocktaildb.com/images/media/drink/jrhn1q1504884469.jpg,"['Light rum', 'Lime juice', 'Mint', 'Sugar']"
126,Frozen Pineapple Daiquiri,11391,Ordinary Drink,https://www.thecocktaildb.com/images/media/drink/k3aecd1582481679.jpg,"['Light rum', 'Pineapple', 'Lime juice', 'Sugar']"
127,GG,15997,Ordinary Drink,https://www.thecocktaildb.com/images/media/drink/vyxwut1468875960.jpg,"['Galliano', 'Ginger ale', 'Ice']"
128,Gimlet,17255,Cocktail,https://www.thecocktaildb.com/images/media/drink/3xgldt1513707271.jpg,"['Gin', 'Lime Juice', 'Sugar Syrup', 'Lime']"
129,Gin Fizz,11410,Ordinary Drink,https://www.thecocktaildb.com/images/media/drink/drtihp1606768397.jpg,"['Gin', 'Lemon', 'Powdered sugar', 'Carbonated water']"
130,Gin Sour,11417,Ordinary Drink,https://www.thecocktaildb.com/images/media/drink/noxp7e1606769224.jpg,"['Gin', 'Lemon juice', 'Sugar', 'Orange', 'Maraschino cherry']"
131,Godchild,11422,Ordinary Drink,https://www.thecocktaildb.com/images/media/drink/m5nhtr1504820829.jpg,"['Vodka', 'Amaretto', 'Heavy cream']"
132,Gin Daisy,11408,Ordinary Drink,https://www.thecocktaildb.com/images/media/drink/z6e22f1582581155.jpg,"['Gin', 'Lemon juice', 'Sugar', 'Grenadine', 'Maraschino cherry', 'Orange']"
133,Gin Sling,11415,Ordinary Drink,https://www.thecocktaildb.com/images/media/drink/8cl9sm1582581761.jpg,"['Gin', 'Lemon', 'Powdered sugar', 'Water', 'Orange peel']"
134,Gin Smash,11416,Ordinary Drink,https://www.thecocktaildb.com/images/media/drink/iprva61606768774.jpg,"['Gin', 'Carbonated water', 'Sugar', 'Mint', 'Orange', 'Cherry']"
135,Gin Toddy,11420,Ordinary Drink,https://www.thecocktaildb.com/images/media/drink/jxstwf1582582101.jpg,"['Gin', 'Water', 'Powdered sugar', 'Lemon peel']"
136,Godfather,11423,Ordinary Drink,https://www.thecocktaildb.com/images/media/drink/e5zgao1582582378.jpg,"['Scotch', 'Amaretto']"
137,Godmother,11424,Ordinary Drink,https://www.thecocktaildb.com/images/media/drink/quksqg1582582597.jpg,"['Vodka', 'Amaretto']"
138,Gagliardo,12758,Cocktail,https://www.thecocktaildb.com/images/media/drink/lyloe91487602877.jpg,"['Peach Vodka', 'Lemon juice', 'Galliano', 'Sirup of roses']"
139,Gluehwein,12944,Punch / Party Drink,https://www.thecocktaildb.com/images/media/drink/vuxwvt1468875418.jpg,"['Red wine', 'Water', 'Sugar', 'Cinnamon', 'Cloves', 'Lemon peel']"
140,Greyhound,17252,Cocktail,https://www.thecocktaildb.com/images/media/drink/g5upn41513706732.jpg,"['Vodka', 'Grapefruit Juice']"
141,Gin Cooler,11407,Ordinary Drink,https://www.thecocktaildb.com/images/media/drink/678xt11582481163.jpg,"['Gin', 'Carbonated water', 'Powdered sugar', 'Orange spiral', 'Lemon peel']"
142,Gin Squirt,11418,Ordinary Drink,https://www.thecocktaildb.com/images/media/drink/xrbhz61504883702.jpg,"['Gin', 'Grenadine', 'Powdered sugar', 'Pineapple', 'Strawberries', 'Carbonated water']"
143,Grand Blue,15427,Ordinary Drink,https://www.thecocktaildb.com/images/media/drink/vsrsqu1472761749.jpg,"['Malibu rum', 'Peach schnapps', 'Blue Curacao', 'Sweet and sour']"
144,Gin Rickey,17230,Cocktail,https://www.thecocktaildb.com/images/media/drink/s00d6f1504883945.jpg,"['Gin', 'Grenadine', 'lemon', 'Soda Water', 'Lime']"
145,Gin Swizzle,11419,Ordinary Drink,https://www.thecocktaildb.com/images/media/drink/sybce31504884026.jpg,"['Lime juice', 'Sugar', 'Gin', 'Bitters', 'Club soda']"
146,Grass Skirt,11433,Ordinary Drink,https://www.thecocktaildb.com/images/media/drink/qyvprp1473891585.jpg,"['Gin', 'Triple sec', 'Pineapple juice', 'Grenadine', 'Pineapple']"
147,Grim Reaper,14642,Ordinary Drink,https://www.thecocktaildb.com/images/media/drink/kztu161504883192.jpg,"['Kahlua', '151 proof rum', 'Grenadine']"
148,Grasshopper,17200,Ordinary Drink,https://www.thecocktaildb.com/images/media/drink/aqm9el1504369613.jpg,"['Green Creme de Menthe', 'Creme de Cacao', 'Light cream']"
149,Grizzly Bear,12762,Ordinary Drink,https://www.thecocktaildb.com/images/media/drink/k6v97f1487602550.jpg,"['Amaretto', 'Jägermeister', 'Kahlua', 'Milk']"
150,Green Goblin,13497,Beer,https://www.thecocktaildb.com/images/media/drink/qxprxr1454511520.jpg,"['Cider', 'Lager', 'Blue Curacao']"
151,Golden dream,17199,Ordinary Drink,https://www.thecocktaildb.com/images/media/drink/qrot6j1504369425.jpg,"['Galliano', 'Triple Sec', 'orange juice', 'Cream']"
152,H.D.,16262,Coffee / Tea,https://www.thecocktaildb.com/images/media/drink/upusyu1472667977.jpg,"['Whisky', 'Baileys irish cream', 'Coffee']"
153,Honey Bee,178316,Cocktail,https://www.thecocktaildb.com/images/media/drink/vu8l7t1582475673.jpg,"['White Rum', 'Honey', 'Lemon Juice']"
154,Hot Toddy,178345,Cocktail,https://www.thecocktaildb.com/images/media/drink/ggx0lv1613942306.jpg,"['Whiskey', 'Honey', 'Cinnamon', 'lemon', 'Cloves']"
155,Herbal flame,15813,Coffee / Tea,https://www.thecocktaildb.com/images/media/drink/rrstxv1441246184.jpg,"['Hot Damn', 'Tea']"
156,Horse's Neck,17202,Ordinary Drink,https://www.thecocktaildb.com/images/media/drink/006k4e1504370092.jpg,"['Lemon peel', 'Brandy', 'Ginger ale', 'Bitters']"
157,Happy Skipper,12766,Ordinary Drink,https://www.thecocktaildb.com/images/media/drink/42w2g41487602448.jpg,"['Spiced rum', 'Ginger ale', 'Lime', 'Ice']"
158,Hunter's Moon,17239,Cocktail,https://www.thecocktaildb.com/images/media/drink/t0iugg1509556712.jpg,"['Vermouth', 'Maraschino Cherry', 'Sugar Syrup', 'Lemonade', 'Blackberries']"
159,Havana Cocktail,11470,Ordinary Drink,https://www.thecocktaildb.com/images/media/drink/59splc1504882899.jpg,"['Light rum', 'Pineapple juice', 'Lemon juice']"
160,Holloween Punch,12954,Punch / Party Drink,https://www.thecocktaildb.com/images/media/drink/lfeoe41504888925.jpg,"['Grape juice', 'Carbonated soft drink', 'Sherbet', 'Sherbet']"
161,Hot Creamy Bush,14782,Coffee / Tea,https://www.thecocktaildb.com/images/media/drink/spvrtp1472668037.jpg,"['Irish whiskey', 'Baileys irish cream', 'Coffee']"
162,Homemade Kahlua,17044,Homemade Liqueur,https://www.thecocktaildb.com/images/media/drink/uwtsst1441254025.jpg,"['Sugar', 'Corn syrup', 'Coffee', 'Vanilla extract', 'Water', 'Vodka']"
163,Halloween Punch,178313,Punch / Party Drink,https://www.thecocktaildb.com/images/media/drink/7hcgyj1571687671.jpg,"['Cherry Juice', 'Orange Peel', 'Red Chili Flakes', 'Cloves', 'Ginger', 'Vodka']"
164,Harvey Wallbanger,11462,Ordinary Drink,https://www.thecocktaildb.com/images/media/drink/7os4gs1606854357.jpg,"['Vodka', 'Galliano', 'Orange juice']"
165,Hawaiian Cocktail,11472,Ordinary Drink,https://www.thecocktaildb.com/images/media/drink/ujoh9x1504882987.jpg,"['Gin', 'Triple sec', 'Pineapple juice']"
166,Hemingway Special,17201,Ordinary Drink,https://www.thecocktaildb.com/images/media/drink/jfcvps1504369888.jpg,"['Rum', 'Grapefruit Juice', 'Maraschino Liqueur', 'Lime Juice']"
167,Highland Fling Cocktail,11476,Ordinary Drink,https://www.thecocktaildb.com/images/media/drink/0bkwca1492975553.jpg,"['Scotch', 'Sweet Vermouth', 'Orange bitters', 'Olive']"
168,Hot Chocolate to Die for,12738,Cocoa,https://www.thecocktaildb.com/images/media/drink/0lrmjp1487603166.jpg,"['Chocolate', 'Butter', 'Vanilla extract', 'Half-and-half', 'Marshmallows']"
169,Ipamena,17176,Ordinary Drink,https://www.thecocktaildb.com/images/media/drink/yswuwp1469090992.jpg,"['Lime', 'Brown sugar', 'Passion fruit juice', 'Ginger ale', 'Ice']"
170,Ice Pick,13539,Ordinary Drink,https://www.thecocktaildb.com/images/media/drink/ypsrqp1469091726.jpg,"['Vodka', 'Iced tea', 'Lemon juice']"
171,Iced Coffee,12770,Coffee / Tea,https://www.thecocktaildb.com/images/media/drink/ytprxy1454513855.jpg,"['Coffee', 'Sugar', 'Water', 'Milk']"
172,Irish Cream,12820,Homemade Liqueur,https://www.thecocktaildb.com/images/media/drink/90etyl1504884699.jpg,"['Scotch', 'Half-and-half', 'Condensed milk', 'Coconut syrup', 'Chocolate syrup']"
173,Irish Spring,11528,Ordinary Drink,https://www.thecocktaildb.com/images/media/drink/sot8v41504884783.jpg,"['Irish whiskey', 'Peach brandy', 'Orange juice', 'Sweet and sour', 'Orange', 'Cherry']"
174,Irish Coffee,13971,Coffee / Tea,https://www.thecocktaildb.com/images/media/drink/sywsqw1439906999.jpg,"['Irish whiskey', 'Coffee', 'Sugar', 'Whipped cream']"
175,Imperial Fizz,11524,Ordinary Drink,https://www.thecocktaildb.com/images/media/drink/zj1usl1504884548.jpg,"['Light rum', 'Blended whiskey', 'Lemon', 'Powdered sugar', 'Carbonated water']"
176,Irish Russian,17015,Beer,https://www.thecocktaildb.com/images/media/drink/swqurw1454512730.jpg,"['Vodka', 'Kahlua', 'Coca-Cola', 'Guinness stout']"
177,Imperial Cocktail,12706,Cocktail,https://www.thecocktaildb.com/images/media/drink/bcsj2e1487603625.jpg,"['Lime juice', 'Gin', 'Aperol']"
178,Iced Coffee Fillip,12772,Coffee / Tea,https://www.thecocktaildb.com/images/media/drink/sxtxrp1454514223.jpg,"['Kahlua', 'Coffee']"
179,Irish Curdling Cow,16987,Cocktail,https://www.thecocktaildb.com/images/media/drink/yrhutv1503563730.jpg,"['Baileys irish cream', 'Bourbon', 'Vodka', 'Orange juice']"
180,Jitterbug,16178,Cocktail,https://www.thecocktaildb.com/images/media/drink/wwqvrq1441245318.jpg,"['Gin', 'Vodka', 'Grenadine', 'Lime juice', 'Sugar', 'Sugar syrup', 'Soda water']"
181,Jam Donut,17178,Shot,https://www.thecocktaildb.com/images/media/drink/uuytrp1474039804.jpg,"['Baileys irish cream', 'Chambord raspberry liqueur', 'Sugar syrup', 'Sugar']"
182,Jelly Bean,13775,Shot,https://www.thecocktaildb.com/images/media/drink/bglc6y1504388797.jpg,"['Blackberry brandy', 'Anis']"
183,Jackhammer,13847,Ordinary Drink,https://www.thecocktaildb.com/images/media/drink/9von5j1504388896.jpg,"['Jack Daniels', 'Amaretto']"
184,Jello shots,14956,Shot,https://www.thecocktaildb.com/images/media/drink/l0smzo1504884904.jpg,"['Vodka', 'Jello', 'Water']"
185,John Collins,11580,Ordinary Drink,https://www.thecocktaildb.com/images/media/drink/0t4bv71606854479.jpg,"['Bourbon', 'Lemon juice', 'Sugar', 'Club soda', 'Maraschino cherry', 'Orange']"
186,Jamaica Kiss,14095,Milk / Float / Shake,https://www.thecocktaildb.com/images/media/drink/urpvvv1441249549.jpg,"['Coffee liqueur', 'Light rum', 'Ice', 'Milk']"
187,Japanese Fizz,11558,Ordinary Drink,https://www.thecocktaildb.com/images/media/drink/37vzv11504884831.jpg,"['Blended whiskey', 'Lemon', 'Powdered sugar', 'Port', 'Egg white', 'Carbonated water']"
188,Just a Moonmint,12688,Milk / Float / Shake,https://www.thecocktaildb.com/images/media/drink/znald61487604035.jpg,"['Milk', 'Chocolate syrup', 'Mint syrup']"
189,Jamaican Coffee,15825,Coffee / Tea,https://www.thecocktaildb.com/images/media/drink/xqptps1441247257.jpg,"['Rum', 'Coffee', 'Water', 'Whipped cream']"
190,Jewel Of The Nile,11566,Ordinary Drink,https://www.thecocktaildb.com/images/media/drink/hx4nrb1504884947.jpg,"['Gin', 'Green Chartreuse', 'Yellow Chartreuse']"
191,Jack Rose Cocktail,11542,Ordinary Drink,https://www.thecocktaildb.com/images/media/drink/uuqqrv1439907068.jpg,"['Apple brandy', 'Grenadine', 'Lime']"
192,Jack's Vanilla Coke,16275,Other/Unknown,https://www.thecocktaildb.com/images/media/drink/kjnt7z1504793319.jpg,"['Ice', 'Tennessee whiskey', 'Vanilla extract', 'Coca-Cola']"
193,Kir,17203,Ordinary Drink,https://www.thecocktaildb.com/images/media/drink/apneom1504370294.jpg,"['Creme de Cassis', 'Champagne']"
194,Karsk,12764,Ordinary Drink,https://www.thecocktaildb.com/images/media/drink/808mxk1487602471.jpg,"['Coffee', 'Grain alcohol']"
195,Kamikaze,11600,Ordinary Drink,https://www.thecocktaildb.com/images/media/drink/d7ff7u1606855412.jpg,"['Vodka', 'Triple sec', 'Lime juice']"
196,Kir Royale,13837,Ordinary Drink,https://www.thecocktaildb.com/images/media/drink/yt9i7n1504370388.jpg,"['Creme de Cassis', 'Champagne']"
197,Kurant Tea,14456,Coffee / Tea,https://www.thecocktaildb.com/images/media/drink/xrsrpr1441247464.jpg,"['Absolut Kurant', 'Tea', 'Sugar']"
198,Kiwi Lemon,14752,Ordinary Drink,https://www.thecocktaildb.com/images/media/drink/tpupvr1478251697.jpg,"['Kiwi liqueur', 'Bitter lemon', 'Ice']"
199,Kioki Coffee,16951,Coffee / Tea,https://www.thecocktaildb.com/images/media/drink/uppqty1441247374.jpg,"['Kahlua', 'Brandy', 'Coffee']"
200,Kool-Aid Shot,13190,Shot,https://www.thecocktaildb.com/images/media/drink/fegm621503564966.jpg,"['Vodka', 'Amaretto', 'Sloe gin', 'Triple sec', 'Cranberry juice']"
201,Kiss me Quick,15026,Ordinary Drink,https://www.thecocktaildb.com/images/media/drink/m7iaxu1504885119.jpg,"['Cranberry vodka', 'Apfelkorn', 'Schweppes Russchian', 'Apple juice', 'Ice']"
202,Kool First Aid,17006,Shot,https://www.thecocktaildb.com/images/media/drink/hfp6sv1503564824.jpg,"['151 proof rum', 'Kool-Aid']"
203,Kentucky B And B,11602,Ordinary Drink,https://www.thecocktaildb.com/images/media/drink/sqxsxp1478820236.jpg,"['Bourbon', 'Benedictine']"
204,Kentucky Colonel,11604,Ordinary Drink,https://www.thecocktaildb.com/images/media/drink/utqwpu1478820348.jpg,"['Bourbon', 'Benedictine', 'Lemon peel']"
205,Kool-Aid Slammer,14446,Shot,https://www.thecocktaildb.com/images/media/drink/kugu2m1504735473.jpg,"['Kool-Aid', 'Vodka']"
206,Kiwi Papaya Smoothie,12714,Other/Unknown,https://www.thecocktaildb.com/images/media/drink/jogv4w1487603571.jpg,"['Kiwi', 'Papaya']"
207,Kill the cold Smoothie,12720,Other/Unknown,https://www.thecocktaildb.com/images/media/drink/7j1z2e1487603414.jpg,"['Ginger', 'Lemon', 'Water']"
208,Limeade,12704,Other/Unknown,https://www.thecocktaildb.com/images/media/drink/5jdp5r1487603680.jpg,"['Lime', 'Sugar', 'Soda water', 'Lime peel']"
209,Lunch Box,14378,Beer,https://www.thecocktaildb.com/images/media/drink/qywpvt1454512546.jpg,"['Beer', 'Amaretto', 'Orange juice']"
210,Lemon Shot,12752,Shot,https://www.thecocktaildb.com/images/media/drink/mx31hv1487602979.jpg,"['Galliano', 'Absolut Citron', 'Lemon', 'Sugar', '151 proof rum']"
211,Long vodka,13196,Ordinary Drink,https://www.thecocktaildb.com/images/media/drink/9179i01503565212.jpg,"['Vodka', 'Lime', 'Angostura bitters', 'Tonic water', 'Ice']"
212,Lemon Drop,14366,Cocktail,https://www.thecocktaildb.com/images/media/drink/mtpxgk1504373297.jpg,"['Absolut Vodka', 'Cointreau', 'Lemon']"
213,Loch Lomond,11658,Ordinary Drink,https://www.thecocktaildb.com/images/media/drink/rpvtpr1468923881.jpg,"['Scotch', 'Drambuie', 'Dry Vermouth', 'Lemon peel']"
214,London Town,11662,Ordinary Drink,https://www.thecocktaildb.com/images/media/drink/rpsrqv1468923507.jpg,"['Gin', 'Maraschino liqueur', 'Orange bitters']"
215,Lassi Khara,12692,Other/Unknown,https://www.thecocktaildb.com/images/media/drink/m1suzm1487603970.jpg,"['Yoghurt', 'Water', 'Salt', 'Asafoetida']"
216,Lassi Raita,12694,Other/Unknown,https://www.thecocktaildb.com/images/media/drink/s4x0qj1487603933.jpg,"['Yoghurt', 'Ice', 'Sugar', 'Lime', 'Salt']"
217,Lemouroudji,12702,Other/Unknown,https://www.thecocktaildb.com/images/media/drink/eirmo71487603745.jpg,"['Ginger', 'Water', 'Lemon', 'Sugar', 'Cayenne pepper']"
218,Lord And Lady,11670,Ordinary Drink,https://www.thecocktaildb.com/images/media/drink/quwrys1468923219.jpg,"['Dark rum', 'Tia maria']"
219,Lassi - Sweet,12696,Other/Unknown,https://www.thecocktaildb.com/images/media/drink/9jeifz1487603885.jpg,"['Yoghurt', 'Water', 'Sugar', 'Salt', 'Lemon juice']"
220,Lassi - Mango,12698,Other/Unknown,https://www.thecocktaildb.com/images/media/drink/1bw6sd1487603816.jpg,"['Mango', 'Yoghurt', 'Sugar', 'Water']"
221,Limona Corona,15086,Beer,https://www.thecocktaildb.com/images/media/drink/wwqrsw1441248662.jpg,"['Corona', 'Bacardi Limon']"
222,Lady Love Fizz,11634,Ordinary Drink,https://www.thecocktaildb.com/images/media/drink/20d63k1504885263.jpg,"['Gin', 'Light cream', 'Powdered sugar', 'Lemon', 'Egg white', 'Carbonated water']"
223,Long Island Tea,11002,Ordinary Drink,https://www.thecocktaildb.com/images/media/drink/nkwr4c1606770558.jpg,"['Vodka', 'Light rum', 'Gin', 'Tequila', 'Lemon', 'Coca-Cola']"
224,Lone Tree Cooler,11666,Ordinary Drink,https://www.thecocktaildb.com/images/media/drink/wsyqry1479298485.jpg,"['Carbonated water', 'Gin', 'Dry Vermouth', 'Powdered sugar', 'Orange spiral', 'Lemon peel']"
225,Lone Tree Cocktail,11664,Ordinary Drink,https://www.thecocktaildb.com/images/media/drink/tsxpty1468923417.jpg,"['Sweet Vermouth', 'Gin']"
226,Lazy Coconut Paloma,178335,Cocktail,https://www.thecocktaildb.com/images/media/drink/rytuex1598719770.jpg,"['Coconut Liqueur', 'Grapefruit Juice', 'Soda Water']"
227,Long Island Iced Tea,17204,Ordinary Drink,https://www.thecocktaildb.com/images/media/drink/wx7hsg1504370510.jpg,"['Vodka', 'Tequila', 'Light rum', 'Gin', 'Coca-Cola', 'Lemon peel']"
228,Lassi - A South Indian Drink,12690,Other/Unknown,https://www.thecocktaildb.com/images/media/drink/iq6scx1487603980.jpg,"['Yoghurt', 'Water', 'Cumin seed', 'Salt', 'Mint']"
229,Melya,12776,Coffee / Tea,https://www.thecocktaildb.com/images/media/drink/xwtptq1441247579.jpg,"['Espresso', 'Honey', 'Cocoa powder']"
230,Mojito,11000,Cocktail,https://www.thecocktaildb.com/images/media/drink/metwgh1606770327.jpg,"['Light rum', 'Lime', 'Sugar', 'Mint', 'Soda water']"
231,Mimosa,17205,Ordinary Drink,https://www.thecocktaildb.com/images/media/drink/juhcuu1504370685.jpg,"['Champagne', 'Orange juice']"
232,Mai Tai,11690,Ordinary Drink,https://www.thecocktaildb.com/images/media/drink/twyrrp1439907470.jpg,"['Light rum', 'Orgeat syrup', 'Triple sec', 'Sweet and sour', 'Cherry']"
233,Martini,11728,Cocktail,https://www.thecocktaildb.com/images/media/drink/71t8581504353095.jpg,"['Gin', 'Dry Vermouth', 'Olive']"
234,Margarita,11007,Ordinary Drink,https://www.thecocktaildb.com/images/media/drink/5noda61589575158.jpg,"['Tequila', 'Triple sec', 'Lime juice', 'Salt']"
235,Manhattan,11008,Cocktail,https://www.thecocktaildb.com/images/media/drink/yk70e31606771240.jpg,"['Sweet Vermouth', 'Bourbon', 'Angostura bitters', 'Ice', 'Maraschino cherry', 'Orange peel']"
236,Michelada,178343,Cocktail,https://www.thecocktaildb.com/images/media/drink/u736bd1605907086.jpg,"['Beer', 'Tomato Juice', 'Lime Juice', 'Hot Sauce', 'Worcestershire Sauce', 'Soy Sauce']"
237,Miami Vice,13936,Cocktail,https://www.thecocktaildb.com/images/media/drink/qvuyqw1441208955.jpg,"['151 proof rum', 'Pina colada mix', 'Daiquiri mix']"
238,Mudslinger,16041,Punch / Party Drink,https://www.thecocktaildb.com/images/media/drink/hepk6h1504885554.jpg,"['Southern Comfort', 'Orange juice', 'Pepsi Cola']"
239,Moranguito,16196,Shot,https://www.thecocktaildb.com/images/media/drink/urpsyq1475667335.jpg,"['Absinthe', 'Tequila', 'Grenadine']"
240,Mint Julep,17206,Ordinary Drink,https://www.thecocktaildb.com/images/media/drink/squyyq1439907312.jpg,"['Mint', 'Bourbon', 'Powdered sugar', 'Water']"
241,Martinez 2,17256,Cocktail,https://www.thecocktaildb.com/images/media/drink/fs6kiq1513708455.jpg,"['Gin', 'Sweet Vermouth', 'Maraschino Liqueur', 'Angostura Bitters']"
242,Masala Chai,12774,Coffee / Tea,https://www.thecocktaildb.com/images/media/drink/uyrpww1441246384.jpg,"['Water', 'Tea', 'Ginger', 'Cardamom', 'Cloves', 'Cinnamon', 'Black pepper', 'Sugar', 'Milk']"
243,Mulled Wine,12988,Punch / Party Drink,https://www.thecocktaildb.com/images/media/drink/iuwi6h1504735724.jpg,"['Water', 'Sugar', 'Cloves', 'Cinnamon', 'Lemon peel', 'Red wine', 'Brandy']"
244,Moscow Mule,11009,Punch / Party Drink,https://www.thecocktaildb.com/images/media/drink/3pylqc1504370988.jpg,"['Vodka', 'Lime juice', 'Ginger ale']"
245,Mocha-Berry,14209,Coffee / Tea,https://www.thecocktaildb.com/images/media/drink/vtwyyx1441246448.jpg,"['Coffee', 'Chambord raspberry liqueur', 'Cocoa powder', 'Whipped cream']"
246,Munich Mule,178315,Cocktail,https://www.thecocktaildb.com/images/media/drink/rj55pl1582476101.jpg,"['Gin', 'Lime Juice', 'Ginger Beer', 'Cucumber', 'lemon']"
247,Mojito Extra,15841,Cocktail,https://www.thecocktaildb.com/images/media/drink/vwxrsw1478251483.jpg,"['Mint', 'Lemon juice', 'Dark rum', 'Club soda', 'Angostura bitters']"
248,Monkey Gland,17189,Ordinary Drink,https://www.thecocktaildb.com/images/media/drink/94psp81504350690.jpg,"['Gin', 'Benedictine', 'Orange juice', 'Grenadine']"
249,Monkey Wrench,11798,Ordinary Drink,https://www.thecocktaildb.com/images/media/drink/bw2noj1582473243.jpg,"['Light rum', 'Grapefruit juice', 'Bitters']"
250,Midnight Manx,13825,Ordinary Drink,https://www.thecocktaildb.com/images/media/drink/uqqurp1441208231.jpg,"['Kahlua', 'Baileys irish cream', 'Goldschlager', 'Heavy cream', 'Coffee']"
251,Mother's Milk,14053,Shot,https://www.thecocktaildb.com/images/media/drink/7stuuh1504885399.jpg,"['Goldschlager', 'Butterscotch schnapps', 'Milk']"
252,Midnight Mint,14842,Cocktail,https://www.thecocktaildb.com/images/media/drink/svuvrq1441208310.jpg,"['Baileys irish cream', 'White Creme de Menthe', 'Cream']"
253,Mary Pickford,17188,Cocktail,https://www.thecocktaildb.com/images/media/drink/f9erqb1504350557.jpg,"['Light rum', 'Pineapple juice', 'Maraschino liqueur', 'Grenadine', 'Maraschino cherry']"
254,Negroni,11003,Ordinary Drink,https://www.thecocktaildb.com/images/media/drink/qgdu971561574065.jpg,"['Gin', 'Campari', 'Sweet Vermouth']"
255,New York Sour,11844,Ordinary Drink,https://www.thecocktaildb.com/images/media/drink/61wgch1504882795.jpg,"['Blended whiskey', 'Lemon', 'Sugar', 'Red wine', 'Lemon', 'Cherry']"
256,Nutty Irishman,13861,Milk / Float / Shake,https://www.thecocktaildb.com/images/media/drink/xspupx1441248014.jpg,"['Baileys irish cream', 'Frangelico', 'Milk']"
257,National Aquarium,13192,Ordinary Drink,https://www.thecocktaildb.com/images/media/drink/dlw0om1503565021.jpg,"['Rum', 'Vodka', 'Gin', 'Blue Curacao', 'Sour mix', 'Lemon-lime soda']"
258,New York Lemonade,13204,Cocktail,https://www.thecocktaildb.com/images/media/drink/b3n0ge1503565473.jpg,"['Absolut Citron', 'Grand Marnier', 'Lemon juice', 'Club soda']"
259,Nuked Hot Chocolate,12746,Cocoa,https://www.thecocktaildb.com/images/media/drink/xcu6nb1487603142.jpg,"['Cocoa powder', 'Sugar', 'Vanilla extract', 'Milk']"
260,Orgasm,11872,Ordinary Drink,https://www.thecocktaildb.com/images/media/drink/vr6kle1504886114.jpg,"['Creme de Cacao', 'Amaretto', 'Triple sec', 'Vodka', 'Light cream']"
261,Old Pal,17827,Cocktail,https://www.thecocktaildb.com/images/media/drink/x03td31521761009.jpg,"['Rye whiskey', 'Campari', 'Dry Vermouth']"
262,Orangeade,12618,Cocktail,https://www.thecocktaildb.com/images/media/drink/ytsxxw1441167732.jpg,"['Lemon juice', 'Orange juice', 'Sugar syrup', 'Soda water']"
263,Orange Whip,16995,Other/Unknown,https://www.thecocktaildb.com/images/media/drink/ttyrxr1454514759.jpg,"['Orange juice', 'Rum', 'Vodka', 'Cream', 'Ice']"
264,Orange Oasis,11870,Ordinary Drink,https://www.thecocktaildb.com/images/media/drink/su1olx1582473812.jpg,"['Cherry brandy', 'Gin', 'Orange juice', 'Ginger ale']"
265,Orange Crush,15330,Shot,https://www.thecocktaildb.com/images/media/drink/zvoics1504885926.jpg,"['Vodka', 'Triple sec', 'Orange juice']"
266,Old Fashioned,11001,Cocktail,https://www.thecocktaildb.com/images/media/drink/vrwquq1478252802.jpg,"['Bourbon', 'Angostura bitters', 'Sugar', 'Water']"
267,Oreo Mudslide,13499,Ordinary Drink,https://www.thecocktaildb.com/images/media/drink/tpwwut1468925017.jpg,"['Vodka', 'Kahlua', 'Baileys irish cream', 'Vanilla ice-cream', 'Oreo cookie']"
268,Orange Push-up,14586,Ordinary Drink,https://www.thecocktaildb.com/images/media/drink/mgf0y91503565781.jpg,"['Spiced rum', 'Grenadine', 'Orange juice', 'Sour mix']"
269,Oatmeal Cookie,17266,Cocktail,https://www.thecocktaildb.com/images/media/drink/bsvmlg1515792693.jpg,"['Kahlua', 'Bailey', 'Butterscotch schnapps', 'Jagermeister', 'Goldschlager']"
270,Orange Rosemary Collins,178341,Cocktail,https://www.thecocktaildb.com/images/media/drink/mokcas1604179977.jpg,"['Gin', 'Orange Juice', 'Lemon Juice', 'Rosemary Syrup', 'Soda Water', 'Rosemary', 'Orange Peel']"
271,Orange Scented Hot Chocolate,12748,Cocoa,https://www.thecocktaildb.com/images/media/drink/hdzwrh1487603131.jpg,"['Milk', 'Chocolate', 'Orange peel', 'Espresso', 'Nutmeg']"
272,Owen's Grandmother's Revenge,13200,Ordinary Drink,https://www.thecocktaildb.com/images/media/drink/0wt4uo1503565321.jpg,"['Whiskey', 'Beer', 'Lemonade', 'Ice']"
273,Paloma,17253,Cocktail,https://www.thecocktaildb.com/images/media/drink/samm5j1513706393.jpg,"['Grape Soda', 'Tequila']"
274,Pink Gin,11936,Ordinary Drink,https://www.thecocktaildb.com/images/media/drink/qyr51e1504888618.jpg,"['Bitters', 'Gin']"
275,Paradise,17190,Ordinary Drink,https://www.thecocktaildb.com/images/media/drink/ejozd71504351060.jpg,"['Gin', 'Apricot Brandy', 'Orange Juice']"
276,Pink Lady,11938,Ordinary Drink,https://www.thecocktaildb.com/images/media/drink/5ia6j21504887829.jpg,"['Gin', 'Grenadine', 'Light cream', 'Egg white']"
277,Pegu Club,17249,Cocktail,https://www.thecocktaildb.com/images/media/drink/jfkemm1513703902.jpg,"['Gin', 'Orange Curacao', 'Lime Juice', 'Angostura Bitters', 'Orange Bitters']"
278,Pink Moon,178354,Cocktail,https://www.thecocktaildb.com/images/media/drink/lnjoc81619696191.jpg,"['Gin', 'Coconut Liqueur', 'Elderflower cordial', 'Lime Juice', 'Blackberries']"
279,Pisco Sour,13214,Cocktail,https://www.thecocktaildb.com/images/media/drink/tsssur1439907622.jpg,"['Pisco', 'Lemon juice', 'Sugar', 'Ice', 'Egg White']"
280,Porto flip,17192,Ordinary Drink,https://www.thecocktaildb.com/images/media/drink/64x5j41504351518.jpg,"['Brandy', 'Port', 'Egg Yolk']"
281,Penicillin,17829,Cocktail,https://www.thecocktaildb.com/images/media/drink/hc9b1a1521853096.jpg,"['Blended Scotch', 'Lemon Juice', 'Honey syrup', 'Ginger Syrup', 'Islay single malt Scotch']"
282,Pina Colada,17207,Ordinary Drink,https://www.thecocktaildb.com/images/media/drink/cpf4j51504371346.jpg,"['Light rum', 'Coconut milk', 'Pineapple']"
283,Pink Penocha,16992,Punch / Party Drink,https://www.thecocktaildb.com/images/media/drink/6vigjx1503564007.jpg,"['Everclear', 'Vodka', 'Peach schnapps', 'Orange juice', 'Cranberry juice']"
284,Pure Passion,178338,Cocktail,https://www.thecocktaildb.com/images/media/drink/4tymma1604179273.jpg,"['Rum', 'Passoa', 'Lime Juice', 'Passion fruit syrup', 'Peach Bitters', 'Mint']"
285,Popped cherry,13072,Ordinary Drink,https://www.thecocktaildb.com/images/media/drink/sxvrwv1473344825.jpg,"['Vodka', 'Cherry liqueur', 'Cranberry juice', 'Orange juice']"
286,Poppy Cocktail,11959,Ordinary Drink,https://www.thecocktaildb.com/images/media/drink/cslw1w1504389915.jpg,"['Gin', 'Creme de Cacao']"
287,Port Wine Flip,11965,Ordinary Drink,https://www.thecocktaildb.com/images/media/drink/vrprxu1441553844.jpg,"['Port', 'Light cream', 'Powdered sugar', 'Egg', 'Nutmeg']"
288,Planter's Punch,17191,Punch / Party Drink,https://www.thecocktaildb.com/images/media/drink/fdk8a31606854815.jpg,"['Dark rum', 'Orgeat syrup', 'Orange juice', 'Pineapple juice']"
289,Pineapple Paloma,178327,Cocktail,https://www.thecocktaildb.com/images/media/drink/pg8iw31593351601.jpg,"['Tequila', 'Grapefruit Juice', 'Fresh Lime Juice', 'Pineapple Juice', 'Lime', 'Pepper']"
290,Port And Starboard,11961,Ordinary Drink,https://www.thecocktaildb.com/images/media/drink/wxvupx1441553911.jpg,"['Grenadine', 'Green Creme de Menthe']"
291,Port Wine Cocktail,11963,Ordinary Drink,https://www.thecocktaildb.com/images/media/drink/qruprq1441553976.jpg,"['Port', 'Brandy']"
292,Pysch Vitamin Light,15092,Ordinary Drink,https://www.thecocktaildb.com/images/media/drink/xsqsxw1441553580.jpg,"['Orange juice', 'Apple juice', 'Pineapple juice', 'Ice']"
293,Pink Panty Pulldowns,13535,Ordinary Drink,https://www.thecocktaildb.com/images/media/drink/squsuy1468926657.jpg,"['Sprite', 'Pink lemonade', 'Vodka']"
294,Passion Fruit Martini,178323,Cocktail,https://www.thecocktaildb.com/images/media/drink/6trfve1582473527.jpg,"['Vodka', 'Sugar Syrup', 'Passion fruit juice']"
295,Pineapple Gingerale Smoothie,12718,Other/Unknown,https://www.thecocktaildb.com/images/media/drink/eg9i1d1487603469.jpg,"['Ginger', 'Pineapple']"
296,Quentin,11993,Ordinary Drink,https://www.thecocktaildb.com/images/media/drink/spxtqp1478963398.jpg,"['Dark rum', 'Kahlua', 'Light cream', 'Nutmeg']"
297,Queen Bee,11987,Ordinary Drink,https://www.thecocktaildb.com/images/media/drink/rvvpxu1478963194.jpg,"['Coffee brandy', 'Lime vodka', 'Sherry']"
298,Quick F**K,13198,Shot,https://www.thecocktaildb.com/images/media/drink/wvtwpp1478963454.jpg,"['Kahlua', 'Midori melon liqueur', 'Baileys irish cream']"
299,Quick-sand,15761,Ordinary Drink,https://www.thecocktaildb.com/images/media/drink/vprxqv1478963533.jpg,"['Black Sambuca', 'Orange juice']"
300,Queen Charlotte,11989,Ordinary Drink,https://www.thecocktaildb.com/images/media/drink/vqruyt1478963249.jpg,"['Red wine', 'Grenadine', 'Lemon-lime soda']"
301,Queen Elizabeth,11991,Ordinary Drink,https://www.thecocktaildb.com/images/media/drink/vpqspv1478963339.jpg,"['Dry Vermouth', 'Gin', 'Benedictine']"
302,Quaker's Cocktail,11983,Ordinary Drink,https://www.thecocktaildb.com/images/media/drink/yrqppx1478962314.jpg,"['Light rum', 'Brandy', 'Lemon', 'Raspberry syrup']"
303,Quarter Deck Cocktail,11985,Ordinary Drink,https://www.thecocktaildb.com/images/media/drink/qrwvps1478963017.jpg,"['Light rum', 'Sherry', 'Lime']"
304,Rose,17208,Ordinary Drink,https://www.thecocktaildb.com/images/media/drink/8kxbvq1504371462.jpg,"['Dry Vermouth', 'Gin', 'Apricot brandy', 'Lemon juice', 'Grenadine', 'Powdered sugar']"
305,Radler,16031,Ordinary Drink,https://www.thecocktaildb.com/images/media/drink/xz8igv1504888995.jpg,"['Beer', '7-Up']"
306,Rum Sour,12093,Ordinary Drink,https://www.thecocktaildb.com/images/media/drink/bylfi21504886323.jpg,"['Light rum', 'Lemon juice', 'Sugar', 'Orange', 'Maraschino cherry']"
307,Rum Toddy,12097,Ordinary Drink,https://www.thecocktaildb.com/images/media/drink/athdk71504886286.jpg,"['Rum', 'Powdered sugar', 'Lemon peel', 'Water']"
308,Rum Punch,14978,Punch / Party Drink,https://www.thecocktaildb.com/images/media/drink/wyrsxu1441554538.jpg,"['Rum', 'Ginger ale', 'Fruit punch', 'Orange juice', 'Ice']"
309,Royal Fizz,12055,Ordinary Drink,https://www.thecocktaildb.com/images/media/drink/wrh44j1504390609.jpg,"['Gin', 'Sweet and sour', 'Egg', 'Coca-Cola']"
310,Rum Cooler,12071,Ordinary Drink,https://www.thecocktaildb.com/images/media/drink/2hgwsb1504888674.jpg,"['Rum', 'Lemon-lime soda', 'Lemon']"
311,Rusty Nail,12101,Ordinary Drink,https://www.thecocktaildb.com/images/media/drink/yqsvtw1478252982.jpg,"['Scotch', 'Drambuie', 'Lemon peel']"
312,Rum Runner,16250,Punch / Party Drink,https://www.thecocktaildb.com/images/media/drink/vqws6t1504888857.jpg,"['Malibu rum', 'Blackberry brandy', 'Orange juice', 'Pineapple juice', 'Cranberry juice']"
313,Rum Cobbler,12067,Ordinary Drink,https://www.thecocktaildb.com/images/media/drink/5vh9ld1504390683.jpg,"['Sugar', 'Club soda', 'Lemon', 'Dark rum', 'Maraschino cherry', 'Orange']"
314,Red Snapper,14087,Shot,https://www.thecocktaildb.com/images/media/drink/7p607y1504735343.jpg,"['Crown Royal', 'Amaretto', 'Cranberry juice']"
315,Royal Flush,15082,Shot,https://www.thecocktaildb.com/images/media/drink/7rnm8u1504888527.jpg,"['Crown Royal', 'Peach schnapps', 'Chambord raspberry liqueur', 'Cranberry juice']"
316,Royal Bitch,17122,Shot,https://www.thecocktaildb.com/images/media/drink/qupuyr1441210090.jpg,"['Frangelico', 'Crown Royal']"
317,Ruby Tuesday,17114,Cocktail,https://www.thecocktaildb.com/images/media/drink/qsyqqq1441553437.jpg,"['Gin', 'Cranberry juice', 'Grenadine']"
318,Rail Splitter,12630,Cocktail,https://www.thecocktaildb.com/images/media/drink/stsuqq1441207660.jpg,"['Sugar syrup', 'Lemon juice', 'Ginger ale']"
319,Rosemary Blue,17245,Cocktail,https://www.thecocktaildb.com/images/media/drink/qwc5f91512406543.jpg,"['Gin', 'Blue Curacao', 'Tonic Water', 'Rosemary']"
320,Royal Gin Fizz,12057,Ordinary Drink,https://www.thecocktaildb.com/images/media/drink/pe1x1c1504735672.jpg,"['Gin', 'Lemon', 'Powdered sugar', 'Egg', 'Carbonated water']"
321,Rum Milk Punch,12087,Ordinary Drink,https://www.thecocktaildb.com/images/media/drink/w64lqm1504888810.jpg,"['Light rum', 'Milk', 'Powdered sugar', 'Nutmeg']"
322,Raspberry Julep,178333,Cocktail,https://www.thecocktaildb.com/images/media/drink/hyztmx1598719265.jpg,"['Bourbon', 'Raspberry syrup', 'Mint']"
323,Rum Screwdriver,12091,Ordinary Drink,https://www.thecocktaildb.com/images/media/drink/4c85zq1511782093.jpg,"['Light rum', 'Orange juice']"
324,Raspberry Cooler,17167,Other/Unknown,https://www.thecocktaildb.com/images/media/drink/suqyyx1441254346.jpg,"['Raspberry vodka', 'Lemon-lime soda', 'Ice']"
325,Rum Old-fashioned,12089,Ordinary Drink,https://www.thecocktaildb.com/images/media/drink/otn2011504820649.jpg,"['Light rum', '151 proof rum', 'Powdered sugar', 'Bitters', 'Water', 'Lime peel']"
326,Russian Spring Punch,17214,Ordinary Drink,https://www.thecocktaildb.com/images/media/drink/ctt20s1504373488.jpg,"['Vodka', 'Creme de Cassis', 'Sugar Syrup', 'Lemon Juice']"
327,Radioactive Long Island Iced Tea,16984,Ordinary Drink,https://www.thecocktaildb.com/images/media/drink/rdvqmh1503563512.jpg,"['Rum', 'Vodka', 'Tequila', 'Gin', 'Triple sec', 'Chambord raspberry liqueur', 'Midori melon liqueur', 'Malibu rum']"
328,Smut,17141,Punch / Party Drink,https://www.thecocktaildb.com/images/media/drink/rx8k8e1504365812.jpg,"['Red wine', 'Peach schnapps', 'Pepsi Cola', 'Orange juice']"
329,Spritz,17215,Ordinary Drink,https://www.thecocktaildb.com/images/media/drink/j9evx11504373665.jpg,"['Prosecco', 'Campari', 'Soda Water']"
330,Sazerac,12127,Ordinary Drink,https://www.thecocktaildb.com/images/media/drink/vvpxwy1439907208.jpg,"['Ricard', 'Sugar', 'Peychaud bitters', 'Water', 'Bourbon', 'Lemon peel']"
331,Scooter,12130,Ordinary Drink,https://www.thecocktaildb.com/images/media/drink/twuptu1483388307.jpg,"['Brandy', 'Amaretto', 'Light cream']"
332,Sidecar,12196,Ordinary Drink,https://www.thecocktaildb.com/images/media/drink/x72sik1606854964.jpg,"['Cognac', 'Cointreau', 'Lemon juice']"
333,Sangria,13020,Punch / Party Drink,https://www.thecocktaildb.com/images/media/drink/xrvxpp1441249280.jpg,"['Red wine', 'Sugar', 'Orange juice', 'Lemon juice', 'Cloves', 'Cinnamon']"
334,Stinger,17193,Ordinary Drink,https://www.thecocktaildb.com/images/media/drink/2ahv791504352433.jpg,"['Brandy', 'White Creme de Menthe']"
335,Snowday,178349,Cocktail,https://www.thecocktaildb.com/images/media/drink/4n1ipk1614009624.jpg,"['Vodka', 'Amaro Montenegro', 'Ruby Port', 'Blood Orange', 'Angostura Bitters', 'Orange Peel']"
336,Snowball,14195,Ordinary Drink,https://www.thecocktaildb.com/images/media/drink/7ibfs61504735416.jpg,"['Advocaat', 'Lemonade', 'Lemon', 'Ice']"
337,Shot-gun,16985,Shot,https://www.thecocktaildb.com/images/media/drink/2j1m881503563583.jpg,"['Jim Beam', 'Jack Daniels', 'Wild Turkey']"
338,Spice 75,178322,Cocktail,https://www.thecocktaildb.com/images/media/drink/0108c41576797064.jpg,"['Sugar', 'Allspice', 'Rum', 'Lime Juice', 'Champagne', 'Orange spiral']"
339,Salty Dog,12107,Ordinary Drink,https://www.thecocktaildb.com/images/media/drink/4vfge01504890216.jpg,"['Grapefruit juice', 'Gin', 'Salt']"
340,Stone Sour,12308,Ordinary Drink,https://www.thecocktaildb.com/images/media/drink/vruvtp1472719895.jpg,"['Apricot brandy', 'Orange juice', 'Sweet and sour']"
341,Sea breeze,13377,Ordinary Drink,https://www.thecocktaildb.com/images/media/drink/7rfuks1504371562.jpg,"['Vodka', 'Cranberry juice', 'Grapefruit juice']"
342,Scotch Sour,12158,Ordinary Drink,https://www.thecocktaildb.com/images/media/drink/0dnb6k1504890436.jpg,"['Scotch', 'Lime', 'Powdered sugar', 'Lemon', 'Cherry']"
343,Screwdriver,12162,Ordinary Drink,https://www.thecocktaildb.com/images/media/drink/8xnyke1504352207.jpg,"['Vodka', 'Orange juice']"
344,Sherry Flip,12190,Ordinary Drink,https://www.thecocktaildb.com/images/media/drink/qrryvq1478820428.jpg,"['Sherry', 'Light cream', 'Powdered sugar', 'Egg', 'Nutmeg']"
345,Sweet Tooth,16990,Milk / Float / Shake,https://www.thecocktaildb.com/images/media/drink/j6rq6h1503563821.jpg,"['Godiva liqueur', 'Milk']"
346,Sol Y Sombra,12256,Ordinary Drink,https://www.thecocktaildb.com/images/media/drink/3gz2vw1503425983.jpg,"['Brandy', 'Anisette']"
347,Shark Attack,16273,Cocktail,https://www.thecocktaildb.com/images/media/drink/uv96zr1504793256.jpg,"['Lemonade', 'Water', 'Vodka']"
348,Sherry Eggnog,12188,Ordinary Drink,https://www.thecocktaildb.com/images/media/drink/xwrpsv1478820541.jpg,"['Sherry', 'Powdered sugar', 'Egg', 'Milk', 'Nutmeg']"
349,Sweet Bananas,12724,Milk / Float / Shake,https://www.thecocktaildb.com/images/media/drink/sxpcj71487603345.jpg,"['Milk', 'Banana', 'Honey']"
350,Sweet Sangria,13024,Punch / Party Drink,https://www.thecocktaildb.com/images/media/drink/uqqvsp1468924228.jpg,"['Red wine', 'Sugar', 'Water', 'Apple', 'Orange', 'Lime', 'Lemon', 'Fresca']"
351,San Francisco,15184,Ordinary Drink,https://www.thecocktaildb.com/images/media/drink/szmj2d1504889961.jpg,"['Vodka', 'Creme de Banane', 'Grenadine', 'Orange juice']"
352,Space Odyssey,15226,Ordinary Drink,https://www.thecocktaildb.com/images/media/drink/vxtjbx1504817842.jpg,"['151 proof rum', 'Malibu rum', 'Pineapple juice', 'Orange juice', 'Grenadine', 'Cherries']"
353,Thriller,12388,Ordinary Drink,https://www.thecocktaildb.com/images/media/drink/rvuswq1461867714.jpg,"['Scotch', 'Wine', 'Orange juice']"
354,Tia-Maria,12856,Homemade Liqueur,https://www.thecocktaildb.com/images/media/drink/sih81u1504367097.jpg,"['Water', 'Brown sugar', 'Coffee', 'Rum', 'Vanilla extract']"
355,Tipperary,17828,Cocktail,https://www.thecocktaildb.com/images/media/drink/b522ek1521761610.jpg,"['Irish Whiskey', 'Sweet Vermouth', 'Green Chartreuse']"
356,The Galah,178350,Cocktail,https://www.thecocktaildb.com/images/media/drink/sy7y6r1614775067.jpg,"['Dark Rum', 'Campari', 'Creme De Banane', 'Pineapple Juice', 'Lime Juice']"
357,Turkeyball,15006,Shot,https://www.thecocktaildb.com/images/media/drink/rxurpr1441554292.jpg,"['Wild Turkey', 'Amaretto', 'Pineapple juice']"
358,Tom Collins,12402,Ordinary Drink,https://www.thecocktaildb.com/images/media/drink/7cll921606854636.jpg,"['Gin', 'Lemon juice', 'Sugar', 'Club soda', 'Maraschino cherry', 'Orange']"
359,Tomato Tang,12726,Other/Unknown,https://www.thecocktaildb.com/images/media/drink/869qr81487603278.jpg,"['Tomato juice', 'Lemon juice', 'Celery salt']"
360,Thai Coffee,12782,Coffee / Tea,https://www.thecocktaildb.com/images/media/drink/wquwxs1441247025.jpg,"['Coffee', 'Coriander', 'Cardamom', 'Sugar', 'Whipping cream', 'Ice']"
361,Texas Sling,15639,Milk / Float / Shake,https://www.thecocktaildb.com/images/media/drink/ypl13s1504890158.jpg,"['Kahlua', 'Irish cream', 'Amaretto', '151 proof rum', 'Cream']"
362,Tequila Fizz,12362,Ordinary Drink,https://www.thecocktaildb.com/images/media/drink/2bcase1504889637.jpg,"['Tequila', 'Lemon juice', 'Grenadine', 'Egg white', 'Ginger ale']"
363,Tequila Sour,12370,Ordinary Drink,https://www.thecocktaildb.com/images/media/drink/ek0mlq1504820601.jpg,"['Tequila', 'Lemon', 'Powdered sugar', 'Lemon', 'Cherry']"
364,Talos Coffee,14860,Coffee / Tea,https://www.thecocktaildb.com/images/media/drink/rswqpy1441246518.jpg,"['Grand Marnier', 'Coffee']"
365,Tennesee Mud,15515,Coffee / Tea,https://www.thecocktaildb.com/images/media/drink/txruqv1441245770.jpg,"['Coffee', 'Jack Daniels', 'Amaretto', 'Whipped cream']"
366,Turf Cocktail,12418,Ordinary Drink,https://www.thecocktaildb.com/images/media/drink/utypqq1441554367.jpg,"['Dry Vermouth', 'Gin', 'Anis', 'Bitters', 'Orange peel']"
367,Thai Iced Tea,12786,Coffee / Tea,https://www.thecocktaildb.com/images/media/drink/trvwpu1441245568.jpg,"['Tea', 'Water', 'Condensed milk', 'Ice', 'Mint']"
368,The Last Word,17247,Cocktail,https://www.thecocktaildb.com/images/media/drink/91oule1513702624.jpg,"['Green Chartreuse', 'Maraschino Liqueur', 'Lime Juice']"
369,The Laverstoke,17824,Cocktail,https://www.thecocktaildb.com/images/media/drink/6xfj5t1517748412.jpg,"['Gin', 'Elderflower cordial', 'Rosso Vermouth', 'Tonic Water', 'Lime', 'Ginger', 'Mint']"
370,Tuxedo Cocktail,12420,Ordinary Drink,https://www.thecocktaildb.com/images/media/drink/4u0nbl1504352551.jpg,"['Dry Vermouth', 'Gin', 'Maraschino liqueur', 'Anis', 'Orange bitters', 'Cherry']"
371,Tequila Sunrise,13621,Cocktail,https://www.thecocktaildb.com/images/media/drink/quqyqp1480879103.jpg,"['Tequila', 'Orange juice', 'Grenadine']"
372,Tequila Slammer,178307,Shot,https://www.thecocktaildb.com/images/media/drink/43uhr51551451311.jpg,"['Tequila', '7-up']"
373,The Philosopher,178330,Cocktail,https://www.thecocktaildb.com/images/media/drink/sp8hkp1596017787.jpg,"['Gin', 'Melon Liqueur', 'Orange Bitters', 'Lemon Juice', 'Prosecco']"
374,Thai Iced Coffee,12784,Coffee / Tea,https://www.thecocktaildb.com/images/media/drink/rqpypv1441245650.jpg,"['Coffee', 'Sugar', 'Cream', 'Cardamom']"
375,Tequila Surprise,14602,Shot,https://www.thecocktaildb.com/images/media/drink/8189p51504735581.jpg,"['Tequila', 'Tabasco sauce']"
376,The Jimmy Conway,17826,Cocktail,https://www.thecocktaildb.com/images/media/drink/wbcvyo1535794478.jpg,"['Irish Whiskey', 'Amaretto', 'Cranberry Juice']"
377,Texas Rattlesnake,15178,Shot,https://www.thecocktaildb.com/images/media/drink/rtohqp1504889750.jpg,"['Yukon Jack', 'Cherry brandy', 'Southern Comfort', 'Sweet and sour']"
378,Victor,12450,Ordinary Drink,https://www.thecocktaildb.com/images/media/drink/voapgc1492976416.jpg,"['Gin', 'Sweet Vermouth', 'Brandy']"
379,Vesper,17218,Cocktail,https://www.thecocktaildb.com/images/media/drink/mtdxpa1504374514.jpg,"['Gin', 'Vodka', 'Lillet Blanc']"
380,Vesuvio,12444,Ordinary Drink,https://www.thecocktaildb.com/images/media/drink/26cq601492976203.jpg,"['Light rum', 'Sweet Vermouth', 'Lemon', 'Powdered sugar', 'Egg white']"
381,Veteran,12446,Ordinary Drink,https://www.thecocktaildb.com/images/media/drink/iwml9t1492976255.jpg,"['Dark rum', 'Cherry brandy']"
382,Vampiro,17217,Ordinary Drink,https://www.thecocktaildb.com/images/media/drink/yfhn371504374246.jpg,"['Tequila', 'Tomato Juice', 'Orange Juice', 'Lime Juice', 'Sugar Syrup', 'Salt']"
383,Van Vleet,12436,Ordinary Drink,https://www.thecocktaildb.com/images/media/drink/fgq2bl1492975771.jpg,"['Light rum', 'Maple syrup', 'Lemon juice']"
384,Vodka Fizz,16967,Other/Unknown,https://www.thecocktaildb.com/images/media/drink/xwxyux1441254243.jpg,"['Vodka', 'Half-and-half', 'Limeade', 'Ice', 'Nutmeg']"
385,Vodka Martini,14167,Ordinary Drink,https://www.thecocktaildb.com/images/media/drink/qyxrqw1439906528.jpg,"['Vodka', 'Dry Vermouth', 'Olive']"
386,Vodka Russian,15403,Ordinary Drink,https://www.thecocktaildb.com/images/media/drink/rpttur1454515129.jpg,"['Vodka', 'Schweppes Russchian']"
387,Vermouth Cassis,12442,Ordinary Drink,https://www.thecocktaildb.com/images/media/drink/tswpxx1441554674.jpg,"['Dry Vermouth', 'Creme de Cassis', 'Carbonated water']"
388,Victory Collins,12452,Ordinary Drink,https://www.thecocktaildb.com/images/media/drink/lx0lvs1492976619.jpg,"['Vodka', 'Lemon juice', 'Grape juice', 'Powdered sugar', 'Orange']"
389,Vodka And Tonic,12460,Ordinary Drink,https://www.thecocktaildb.com/images/media/drink/lmj2yt1504820500.jpg,"['Vodka', 'Tonic water']"
390,Valencia Cocktail,12434,Ordinary Drink,https://www.thecocktaildb.com/images/media/drink/9myuc11492975640.jpg,"['Apricot brandy', 'Orange juice', 'Orange bitters']"
391,Whisky Mac,12518,Ordinary Drink,https://www.thecocktaildb.com/images/media/drink/yvvwys1461867858.jpg,"['Scotch', 'Wine']"
392,Wine Punch,13058,Punch / Party Drink,https://www.thecocktaildb.com/images/media/drink/txustu1473344310.jpg,"['Red wine', 'Lemon', 'Orange juice', 'Orange', 'Pineapple juice']"
393,White Lady,17194,Ordinary Drink,https://www.thecocktaildb.com/images/media/drink/jofsaz1504352991.jpg,"['Gin', 'Triple Sec', 'Lemon Juice']"
394,Wine Cooler,13056,Punch / Party Drink,https://www.thecocktaildb.com/images/media/drink/yutxtv1473344210.jpg,"['Red wine', 'Lemon-lime soda', 'Ice']"
395,Winter Rita,178347,Beer,https://www.thecocktaildb.com/images/media/drink/fwpd0v1614006733.jpg,"['Tequila', 'Campari', 'Lime Juice', 'Orange Juice', 'Rosemary Syrup', 'Salt']"
396,Whiskey Sour,11004,Ordinary Drink,https://www.thecocktaildb.com/images/media/drink/hbkfsh1589574990.jpg,"['Blended whiskey', 'Lemon', 'Powdered sugar', 'Cherry', 'Lemon']"
397,White Russian,12528,Ordinary Drink,https://www.thecocktaildb.com/images/media/drink/vsrupw1472405732.jpg,"['Vodka', 'Coffee liqueur', 'Light cream']"
398,Winter Paloma,178348,Cocktail,https://www.thecocktaildb.com/images/media/drink/u5f0pz1614007748.jpg,"['Tequila', 'Grapefruit Juice', 'Lime Juice', 'Agave Syrup', 'Pepper']"
399,Whitecap Margarita,16158,Other/Unknown,https://www.thecocktaildb.com/images/media/drink/srpxxp1441209622.jpg,"['Ice', 'Tequila', 'Cream of coconut', 'Lime juice']"
400,White Wine Sangria,178326,Punch / Party Drink,https://www.thecocktaildb.com/images/media/drink/hnuod91587851576.jpg,"['Lime', 'lemon', 'White Wine', 'Strawberries', 'Apple', 'Apple Brandy', 'Soda Water']"
401,Waikiki Beachcomber,12474,Ordinary Drink,https://www.thecocktaildb.com/images/media/drink/ysuqus1441208583.jpg,"['Triple sec', 'Gin', 'Pineapple juice']"
402,Yellow Bird,17219,Cocktail,https://www.thecocktaildb.com/images/media/drink/2t9r6w1504374811.jpg,"['White Rum', 'Galliano', 'Triple Sec', 'Lime Juice']"
403,Yoghurt Cooler,12728,Other/Unknown,https://www.thecocktaildb.com/images/media/drink/trttrv1441254466.jpg,"['Yoghurt', 'Fruit', 'Ice']"
404,Zorro,15328,Coffee / Tea,https://www.thecocktaildb.com/images/media/drink/kvvd4z1485621283.jpg,"['Sambuca', 'Baileys irish cream', 'White Creme de Menthe']"
405,Zinger,14888,Soft Drink / Soda,https://www.thecocktaildb.com/images/media/drink/iixv4l1485620014.jpg,"['Peachtree schnapps', 'Surge']"
406,Zoksel,15691,Soft Drink / Soda,https://www.thecocktaildb.com/images/media/drink/ft8ed01485620930.jpg,"['Beer', 'Root beer', 'Lemonade', 'Coca-Cola', '7-Up', 'Creme de Cassis', 'Lemon']"
407,Zombie,17241,Cocktail,https://www.thecocktaildb.com/images/media/drink/2en3jk1509557725.jpg,"['Rum', 'Gold rum', '151 proof rum', 'Pernod', 'Grenadine', 'Lime Juice', 'Angostura Bitters']"
408,Zambeer,15933,Soft Drink / Soda,https://www.thecocktaildb.com/images/media/drink/bje5401485619578.jpg,"['Sambuca', 'Root beer', 'Ice']"
409,Zorbatini,16963,Cocktail,https://www.thecocktaildb.com/images/media/drink/wtkqgb1485621155.jpg,"['Vodka', 'Ouzo']"
410,Zenmeister,15254,Ordinary Drink,https://www.thecocktaildb.com/images/media/drink/qyuvsu1479209462.jpg,"['Jägermeister', 'Root beer']"
411,Zipperhead,16942,Shot,https://www.thecocktaildb.com/images/media/drink/r2qzhu1485620235.jpg,"['Chambord raspberry liqueur', 'Vodka', 'Soda water']"
412,Zima Blaster,17027,Ordinary Drink,https://www.thecocktaildb.com/images/media/drink/1wifuv1485619797.jpg,"['Zima', 'Chambord raspberry liqueur']"
413,Zizi Coin-coin,14594,Punch / Party Drink,https://www.thecocktaildb.com/images/media/drink/0fbo2t1485620752.jpg,"['Cointreau', 'Lemon juice', 'Ice', 'Lemon']"
414,Zippy's Revenge,14065,Cocktail,https://www.thecocktaildb.com/images/media/drink/1sqm7n1485620312.jpg,"['Amaretto', 'Rum', 'Kool-Aid']"
415,Zimadori Zinger,15801,Punch / Party Drink,https://www.thecocktaildb.com/images/media/drink/bw8gzx1485619920.jpg,"['Midori melon liqueur', 'Zima']"
416,Ziemes Martini Apfelsaft,14157,Ordinary Drink,https://www.thecocktaildb.com/images/media/drink/xnzr2p1485619687.jpg,"['Vermouth', 'Apple juice']"
